"V1","location_name","date","deaths_mean","deaths_lower","deaths_upper","totdea_mean","totdea_lower","totdea_upper","deaths_mean_smoothed","deaths_lower_smoothed","deaths_upper_smoothed","totdea_mean_smoothed","totdea_lower_smoothed","totdea_upper_smoothed","mobility_data_type","mobility_composite","total_tests_data_type","total_tests","confirmed_infections","est_infections_mean","est_infections_lower","est_infections_upper"
54129,"New Mexico","2020-02-04",0,0,0,0,0,0,0,0,0,0,0,0,,,,,,,,
54130,"New Mexico","2020-02-05",0,0,0,0,0,0,0,0,0,0,0,0,,,,,,,,
54131,"New Mexico","2020-02-06",0,0,0,0,0,0,0,0,0,0,0,0,,,,,,,,
54132,"New Mexico","2020-02-07",0,0,0,0,0,0,0,0,0,0,0,0,,,,,,,,
54133,"New Mexico","2020-02-08",0,0,0,0,0,0,0,0,0,0,0,0,"observed",-3.10592739448222,,,,,,
54134,"New Mexico","2020-02-09",0,0,0,0,0,0,0,0,0,0,0,0,"observed",-2.28190550082752,,,,,,
54135,"New Mexico","2020-02-10",0,0,0,0,0,0,0,0,0,0,0,0,"observed",-1.27372948099672,,,,,,
54136,"New Mexico","2020-02-11",0,0,0,0,0,0,0,0,0,0,0,0,"observed",-0.174016528962419,,,,,,
54137,"New Mexico","2020-02-12",0,0,0,0,0,0,0,0,0,0,0,0,"observed",0.928257512990921,,,,,,
54138,"New Mexico","2020-02-13",0,0,0,0,0,0,0,0,0,0,0,0,"observed",1.95055537310019,,,,,,
54139,"New Mexico","2020-02-14",0,0,0,0,0,0,0,0,0,0,0,0,"observed",2.82190375605639,,,,,,
54140,"New Mexico","2020-02-15",0,0,0,0,0,0,0,0,0,0,0,0,"observed",3.49142986823765,,,,,,
54141,"New Mexico","2020-02-16",0,0,0,0,0,0,0,0,0,0,0,0,"observed",3.92984910584591,,,,,,
54142,"New Mexico","2020-02-17",0,0,0,0,0,0,0,0,0,0,0,0,"observed",4.15055559129498,,,,,,
54143,"New Mexico","2020-02-18",0,0,0,0,0,0,0,0,0,0,0,0,"observed",4.20797105336579,,,,,,
54144,"New Mexico","2020-02-19",0,0,0,0,0,0,0,0,0,0,0,0,"observed",4.15235024657761,,,,,,
54145,"New Mexico","2020-02-20",0,0,0,0,0,0,0,0,0,0,0,0,"observed",4.04719293794954,,,,,,
54146,"New Mexico","2020-02-21",0,0,0,0,0,0,0,0,0,0,0,0,"observed",3.97453337680957,,,,,,
54147,"New Mexico","2020-02-22",0,0,0,0,0,0,0,0,0,0,0,0,"observed",4.02367735049969,,,,,,
54148,"New Mexico","2020-02-23",0,0,0,0,0,0,0,0,0,0,0,0,"observed",4.2622116498715,,,,,,
54149,"New Mexico","2020-02-24",0,0,0,0,0,0,0,0,0,0,0,0,"observed",4.67747373877467,,,,,,
54150,"New Mexico","2020-02-25",0,0,0,0,0,0,0,0,0,0,0,0,"observed",5.17789836221345,,,,,,
54151,"New Mexico","2020-02-26",0,0,0,0,0,0,0,0,0,0,0,0,"observed",5.63166770599749,,,,,,
54152,"New Mexico","2020-02-27",0,0,0,0,0,0,0,0,0,0,0,0,"observed",5.90562750007879,,,,,,
54153,"New Mexico","2020-02-28",0,0,0,0,0,0,0,0,0,0,0,0,"observed",5.91623889718499,,,,,,
54154,"New Mexico","2020-02-29",0,0,0,0,0,0,0,0,0,0,0,0,"observed",5.65891552267502,,,,,,
54155,"New Mexico","2020-03-01",0,0,0,0,0,0,0,0,0,0,0,0,"observed",5.21224259302852,,,,,,
54156,"New Mexico","2020-03-02",0,0,0,0,0,0,0,0,0,0,0,0,"observed",4.71520255186519,,,,,,
54157,"New Mexico","2020-03-03",0,0,0,0,0,0,0,0,0,0,0,0,"observed",4.29502196034692,,,,,,
54158,"New Mexico","2020-03-04",0,0,0,0,0,0,0,0,0,0,0,0,"observed",4.02114794306939,,,,,,
54159,"New Mexico","2020-03-05",0,0,0,0,0,0,0,0,0,0,0,0,"observed",3.89578210310543,,,,,,
54160,"New Mexico","2020-03-06",0,0,0,0,0,0,0,0,0,0,0,0,"observed",3.85830129047174,"observed",18.1933032032857,,,,
54161,"New Mexico","2020-03-07",0,0,0,0,0,0,0,0,0,0,0,0,"observed",3.79903537060164,"observed",22.1383516824504,,,,
54162,"New Mexico","2020-03-08",0,0,0,0,0,0,0,0,0,0,0,0,"observed",3.58134171708971,"observed",27.7460863047235,,,,
54163,"New Mexico","2020-03-09",0,0,0,0,0,0,0,0,0,0,0,0,"observed",3.06808550573415,"observed",35.8023460169681,,,,
54164,"New Mexico","2020-03-10",0,0,0,0,0,0,0,0,0,0,0,0,"observed",2.14260908549031,"observed",47.5431401076766,0,,,
54165,"New Mexico","2020-03-11",0,0,0,0,0,0,0,0,0,0,0,0,"observed",0.724454616818107,"observed",64.8591958655333,3,,,
54166,"New Mexico","2020-03-12",0,0,0,0,0,0,0,0,0,0,0,0,"observed",-1.22462291582817,"observed",90.3844928121239,2,,,
54167,"New Mexico","2020-03-13",0,0,0,0,0,0,0,0,0,0,0,0,"observed",-3.69687435320451,"observed",127.179303774239,5,,,
54168,"New Mexico","2020-03-14",0,0,0,0,0,0,0,0,0,0,0,0,"observed",-6.6376940495304,"observed",177.705959408412,0,,,
54169,"New Mexico","2020-03-15",0,0,0,0,0,0,0,0,0,0,0,0,"observed",-9.95898150310069,"observed",242.242483265039,3,,,
54170,"New Mexico","2020-03-16",0,0,0,0,0,0,0,0,0,0,0,0,"observed",-13.5441223169026,"observed",317.731278792096,4,,,
54171,"New Mexico","2020-03-17",0,0,0,0,0,0,0,0,0,0,0,0,"observed",-17.2590228573362,"observed",398.310108484597,6.00000000000001,,,
54172,"New Mexico","2020-03-18",0,0,0,0,0,0,0.0094056617295854,0.0094056617295854,0.0094056617295854,0.0094056617295854,0.0094056617295854,0.0094056617295854,"observed",-20.9712418417679,"observed",477.481175973626,0,,,
54173,"New Mexico","2020-03-19",0,0,0,0,0,0,0.01416061257607,0.01416061257607,0.01416061257607,0.0235662743056554,0.0235662743056554,0.0235662743056554,"observed",-24.566926673673,"observed",550.364959112489,12,,,
54174,"New Mexico","2020-03-20",0,0,0,0,0,0,0.0213083661749464,0.0213083661749464,0.0213083661749464,0.0448746404806018,0.0448746404806018,0.0448746404806018,"observed",-27.961524810212,"observed",614.635567751294,8.00000000000001,,,
54175,"New Mexico","2020-03-21",0,0,0,0,0,0,0.0320508093039952,0.0320508093039952,0.0320508093039952,0.076925449784597,0.076925449784597,0.076925449784597,"observed",-31.100258607842,"observed",670.105224528037,0,,,
54176,"New Mexico","2020-03-22",0,0,0,0,0,0,0.048194136088927,0.048194136088927,0.048194136088927,0.125119585873524,0.125119585873524,0.125119585873524,"observed",-33.9471637693678,"observed",717.684226139073,14,,,
54177,"New Mexico","2020-03-23",0,0,0,0,0,0,0.072453897440675,0.072453897440675,0.072453897440675,0.197573483314199,0.197573483314199,0.197573483314199,"observed",-36.473209236989,"observed",758.357657993806,26,,,
54178,"New Mexico","2020-03-24",0,0,0,0,0,0,0.108167798907546,0.108167798907546,0.108167798907546,0.305741282221745,0.305741282221745,0.305741282221745,"observed",-38.6509954226286,"observed",792.527590630872,17,,,
54179,"New Mexico","2020-03-25",1,1,1,1,1,1,0.156734113239315,0.156734113239315,0.156734113239315,0.46247539546106,0.46247539546106,0.46247539546106,"observed",-40.4574832938392,"observed",819.919616700123,13,,,
54180,"New Mexico","2020-03-26",0,0,0,1,1,1,0.220338481794172,0.220338481794172,0.220338481794172,0.682813877255232,0.682813877255232,0.682813877255232,"observed",-41.8844602875498,"observed",840.061067734427,0,,,
54181,"New Mexico","2020-03-27",0,0,0,1,1,1,0.301006354442048,0.301006354442048,0.301006354442048,0.98382023169728,0.98382023169728,0.98382023169728,"observed",-42.9439910172177,"observed",853.08911376489,23.0000000000001,,,
54182,"New Mexico","2020-03-28",0,0,0,1,1,1,0.40023704082148,0.40023704082148,0.40023704082148,1.38405727251876,1.38405727251876,1.38405727251876,"observed",-43.6706439305771,"observed",860.487523648611,72.0000000000001,,,
54183,"New Mexico","2020-03-29",1,1,1,2,2,2,0.51882344714499,0.51882344714499,0.51882344714499,1.90288071966375,1.90288071966375,1.90288071966375,"observed",-44.1208175383211,"observed",865.411705810167,28.9999999999997,,,
54184,"New Mexico","2020-03-30",0,0,0,2,2,2,0.6567399642395,0.6567399642395,0.6567399642395,2.55962068390325,2.55962068390325,2.55962068390325,"observed",-44.3638398372797,"observed",872.490225754838,0,,,
54185,"New Mexico","2020-03-31",2,2,2,4,4,4,0.81311724402972,0.81311724402972,0.81311724402972,3.37273792793297,3.37273792793297,3.37273792793297,"observed",-44.4744389086399,"observed",887.190273882413,78.0000000000004,,,
54186,"New Mexico","2020-04-01",1,1,1,5,5,5,0.98630929959526,0.98630929959526,0.98630929959526,4.35904722752823,4.35904722752823,4.35904722752823,"observed",-44.525069009577,"observed",914.935695964695,24.9999999999995,,,
54187,"New Mexico","2020-04-02",1,1,1,6,6,6,1.17404556481799,1.17404556481799,1.17404556481799,5.53309279234622,5.53309279234622,5.53309279234622,"observed",-44.5752924670778,"observed",960.123061562596,48.0000000000006,,,
54188,"New Mexico","2020-04-03",4,4,4,10,10,10,1.37365050326206,1.37365050326206,1.37365050326206,6.90674329560828,6.90674329560828,6.90674329560828,"observed",-44.6667183628356,"observed",1025.10283294931,146,,,
54189,"New Mexico","2020-04-04",0,0,0,10,10,10,1.58230347696822,1.58230347696822,1.58230347696822,8.4890467725765,8.4890467725765,8.4890467725765,"observed",-44.8236092149941,"observed",1109.13680564673,0,,,
54190,"New Mexico","2020-04-05",2,2,2,12,12,12,1.7972640024324,1.7972640024324,1.7972640024324,10.2863107750089,10.2863107750089,10.2863107750089,"observed",-45.0546884501289,"observed",1207.494092346,136,,,
54191,"New Mexico","2020-04-06",0,0,0,12,12,12,2.0160780662986,2.0160780662986,2.0160780662986,12.3023888413075,12.3023888413075,12.3023888413075,"observed",-45.3543077782575,"observed",1311.10504400034,86.9999999999992,,,
54192,"New Mexico","2020-04-07",1,1,1,13,13,13,2.2367329124924,2.2367329124924,2.2367329124924,14.5391217537999,14.5391217537999,14.5391217537999,"observed",-45.7018221759274,"observed",1407.41835892947,119,,,
54193,"New Mexico","2020-04-08",0,0,0,13,13,13,2.4576613448407,2.4576613448407,2.4576613448407,16.9967830986406,16.9967830986406,16.9967830986406,"observed",-46.0608409822451,"observed",1482.89608303255,26,,,
54194,"New Mexico","2020-04-09",3,3,3,16,16,16,2.6778146328299,2.6778146328299,2.6778146328299,19.6745977314705,19.6745977314705,19.6745977314705,"observed",-46.3804719961026,"observed",1526.84268732751,0,,,
54195,"New Mexico","2020-04-10",1,1,1,17,17,17,2.8965683725196,2.8965683725196,2.8965683725196,22.5711661039901,22.5711661039901,22.5711661039901,"observed",-46.6005950086928,"observed",1535.16006544195,215.999999999999,,,
54196,"New Mexico","2020-04-11",2,2,2,19,19,19,3.1137903423235,3.1137903423235,3.1137903423235,25.6849564463136,25.6849564463136,25.6849564463136,"observed",-46.6624233028369,"observed",1512.1688377169,10,,,
54197,"New Mexico","2020-04-12",7,7,7,26,26,26,3.329456442883,3.329456442883,3.329456442883,29.0144128891966,29.0144128891966,29.0144128891966,"observed",-46.5224018617264,"observed",1469.47390171889,154,,,
54198,"New Mexico","2020-04-13",5,5,5,31,31,31,3.5434173235001,3.5434173235001,3.5434173235001,32.5578302126967,32.5578302126967,32.5578302126967,"observed",-46.1626090253376,"observed",1422.60094722763,100,,,
54199,"New Mexico","2020-04-14",5,5,5,36,36,36,3.7555446908742,3.7555446908742,3.7555446908742,36.3133749035709,36.3133749035709,36.3133749035709,"observed",-45.6006587655541,"observed",1387.17186818689,62.0000000000002,,,
54200,"New Mexico","2020-04-15",0,0,0,36,36,36,3.9660161275063,3.9660161275063,3.9660161275063,40.2793910310772,40.2793910310772,40.2793910310772,"observed",-44.8840555310671,"observed",1376.11888110486,76.9999999999998,,,
54201,"New Mexico","2020-04-16",,,,,,,4.1752090979847,4.1752090979847,4.1752090979847,44.4546001290619,44.4546001290619,44.4546001290619,"observed",-44.072620827593,"observed",1398.29741827259,,,,
54202,"New Mexico","2020-04-17",8,8,8,44,44,44,4.3833386457101,4.3833386457101,4.3833386457101,48.837938774772,48.837938774772,48.837938774772,"observed",-43.2244554416882,"observed",1458.01501459058,113,,,
54203,"New Mexico","2020-04-18",9,9,9,53,53,53,4.590697919844,4.590697919844,4.590697919844,53.428636694616,53.428636694616,53.428636694616,"observed",-42.390704099685,"observed",1554.82509184592,201.000000000001,,,
54204,"New Mexico","2020-04-19",2,2,2,55,55,55,4.7976050078751,4.7976050078751,4.7976050078751,58.2262417024911,58.2262417024911,58.2262417024911,"observed",-41.6112371230676,"observed",1683.49639060792,46.9999999999986,,,
54205,"New Mexico","2020-04-20",3,3,3,58,58,58,5.0044261259815,5.0044261259815,5.0044261259815,63.2306678284726,63.2306678284726,63.2306678284726,"observed",-40.9088738424563,"observed",1834.61806676443,126,,,
54206,"New Mexico","2020-04-21",7,7,7,65,65,65,5.21158355892761,5.21158355892761,5.21158355892761,68.4422513874002,68.4422513874002,68.4422513874002,"observed",-40.2848867965226,"observed",1996.32532760875,101,,,
54207,"New Mexico","2020-04-22",6,6,6,71,71,71,5.41931473114239,5.41931473114239,5.41931473114239,73.8615661185426,73.8615661185426,73.8615661185426,"observed",-39.7182936580286,"observed",2156.87761899482,138,,,
54208,"New Mexico","2020-04-23",7,7,7,78,78,78,5.627543101041,5.627543101041,5.627543101041,79.4891092195836,79.4891092195836,79.4891092195836,"observed",-39.1760321920632,"observed",2307.14236325256,169,,,
54209,"New Mexico","2020-04-24",6,6,6,84,84,84,5.8359623448372,5.8359623448372,5.8359623448372,85.3250715644208,85.3250715644208,85.3250715644208,"observed",-38.6272341311878,"observed",2441.98689774444,142,,,
54210,"New Mexico","2020-04-25",9,9,9,93,93,93,6.04411826234521,6.04411826234521,6.04411826234521,91.369189826766,91.369189826766,91.369189826766,"observed",-38.0526610659077,"observed",2560.2067618053,139.000000000001,,,
54211,"New Mexico","2020-04-26",6,6,6,99,99,99,6.2514104847523,6.2514104847523,6.2514104847523,97.6206003115183,97.6206003115183,97.6206003115183,"observed",-37.4463940287612,"observed",2663.24994053522,66.0000000000009,,,
54212,"New Mexico","2020-04-27",5,5,5,104,104,104,6.4570089429177,6.4570089429177,6.4570089429177,104.077609254436,104.077609254436,104.077609254436,"observed",-36.8152324298616,"observed",2753.44469576588,96.9999999999982,,,
54213,"New Mexico","2020-04-28",6,6,6,110,110,110,6.659833067935,6.659833067935,6.659833067935,110.737442322371,110.737442322371,110.737442322371,"observed",-36.1797968828564,"observed",2832.54248177373,151,,,
54214,"New Mexico","2020-04-29",2,2,2,112,112,112,6.85858744358001,6.85858744358001,6.85858744358001,117.596029765951,117.596029765951,117.596029765951,"observed",-35.5728398912629,"observed",2901.18074683131,239.000000000001,,,
54215,"New Mexico","2020-04-30",11,11,11,123,123,123,7.051827407334,7.051827407334,7.051827407334,124.647857173285,124.647857173285,124.647857173285,"observed",-35.0323026382489,"observed",2959.36195592385,197.999999999998,,,
54216,"New Mexico","2020-05-01",8,8,8,131,131,131,7.238013609448,7.238013609448,7.238013609448,131.885870782733,131.885870782733,131.885870782733,"observed",-34.5926804126053,"observed",3007.5443902295,102.000000000001,,,
54217,"New Mexico","2020-05-02",7,7,7,138,138,138,7.41558905358499,7.41558905358499,7.41558905358499,139.301459836318,139.301459836318,139.301459836318,"observed",-34.2783849452282,"observed",3047.72284098326,219.000000000001,,,
54218,"New Mexico","2020-05-03",13,13,13,151,151,151,7.583011837318,7.583011837318,7.583011837318,146.884471673636,146.884471673636,146.884471673636,"observed",-34.1004893521424,"observed",3084.01206773299,117.999999999998,,,
54219,"New Mexico","2020-05-04",5,5,5,156,156,156,7.738790750867,7.738790750867,7.738790750867,154.623262424503,154.623262424503,154.623262424503,"observed",-34.0528773182363,"observed",3122.5425129939,181.000000000002,,,
54220,"New Mexico","2020-05-05",6,6,6,162,162,162,7.88150187075101,7.88150187075101,7.88150187075101,162.504764295254,162.504764295254,162.504764295254,"observed",-34.1092356163551,"observed",3170.68608895507,106.999999999998,,,
54221,"New Mexico","2020-05-06",7,7,7,169,169,169,8.00989522043199,8.00989522043199,8.00989522043199,170.514659515686,170.514659515686,170.514659515686,"observed",-34.2300024211739,"observed",3235.76706292104,153.000000000003,,,
54222,"New Mexico","2020-05-07",3,3,3,172,172,172,8.122930281121,8.122930281121,8.122930281121,178.637589796807,178.637589796807,178.637589796807,"observed",-34.3700695562927,"observed",3323.53353241579,201.999999999998,,,
54223,"New Mexico","2020-05-08",9,9,9,181,181,181,8.21966665698301,8.21966665698301,8.21966665698301,186.85725645379,186.85725645379,186.85725645379,"observed",-34.4841499600207,"observed",3436.83622871673,180.000000000001,,,
54224,"New Mexico","2020-05-09",10,10,10,191,191,191,8.29928723415799,8.29928723415799,8.29928723415799,195.156543687948,195.156543687948,195.156543687948,"observed",-34.528735072749,"observed",3574.99224772451,105.000000000002,,,
54225,"New Mexico","2020-05-10",9,9,9,200,200,200,8.36115457219,8.36115457219,8.36115457219,203.517698260138,203.517698260138,203.517698260138,"observed",-34.4628661192352,"observed",3734.15138172088,84.9999999999991,,,
54226,"New Mexico","2020-05-11",8,8,8,208,208,208,8.40481831724202,8.40481831724202,8.40481831724202,211.92251657738,211.92251657738,211.92251657738,"observed",-34.2458713236716,"observed",3908.56306601808,206.000000000001,,,
54227,"New Mexico","2020-05-12",11,11,11,219,219,219,8.430105330598,8.430105330598,8.430105330598,220.352621907978,220.352621907978,220.352621907978,"observed",-33.8446390874265,"observed",4092.22247953878,142.999999999998,,,
54228,"New Mexico","2020-05-13",12,12,12,231,231,231,8.437072294817,8.437072294817,8.437072294817,228.789694202795,228.789694202795,228.789694202795,"observed",-33.2467872369564,"observed",4280.17055750974,151.999999999999,,,
54229,"New Mexico","2020-05-14",11,11,11,242,242,242,8.425939176827,8.425939176827,8.425939176827,237.215633379622,237.215633379622,237.215633379622,"observed",-32.4615884053931,"observed",4468.93435923559,138.999999999998,,,
54230,"New Mexico","2020-05-15",11,11,11,253,253,253,8.39722130455098,8.39722130455098,8.39722130455098,245.612854684173,245.612854684173,245.612854684173,"observed",-31.5202139151768,"observed",4655.96889573894,159.000000000001,,,
54231,"New Mexico","2020-05-16",6,6,6,259,259,259,8.35174093403802,8.35174093403802,8.35174093403802,253.964595618211,253.964595618211,253.964595618211,"observed",-30.4801136100121,"observed",4838.27111250574,185.000000000002,,,
54232,"New Mexico","2020-05-17",6,6,6,265,265,265,8.2905992256,8.2905992256,8.2905992256,262.255194843811,262.255194843811,262.255194843811,"observed",-29.4226266732276,"observed",5010.5547637804,91.0000000000018,,,
54233,"New Mexico","2020-05-18",5,5,5,270,270,270,8.21519405939898,8.21519405939898,8.21519405939898,270.47038890321,270.47038890321,270.47038890321,"observed",-28.4399100798117,"observed",5163.718266847,158,,,
54234,"New Mexico","2020-05-19",6,6,6,276,276,276,8.12705257457202,8.12705257457202,8.12705257457202,278.597441477782,278.597441477782,278.597441477782,"observed",-27.6153562064451,"observed",5284.73902275499,96,,,
54235,"New Mexico","2020-05-20",7,7,7,283,283,283,8.02772309208399,8.02772309208399,8.02772309208399,286.625164569866,286.625164569866,286.625164569866,"observed",-27.0088918308691,"observed",5358.99888137412,124.999999999995,,,
54236,"New Mexico","2020-05-21",11,11,11,294,294,294,7.91866564215502,7.91866564215502,7.91866564215502,294.543830212021,294.543830212021,294.543830212021,"observed",-26.6432232006004,"observed",5374.92423494234,155.000000000001,,,
54237,"New Mexico","2020-05-22",8,8,8,302,302,302,7.80135040166499,7.80135040166499,7.80135040166499,302.345180613686,302.345180613686,302.345180613686,"observed",-26.4979455103472,"observed",5329.04889923163,153.000000000001,,,
54238,"New Mexico","2020-05-23",6,6,6,308,308,308,7.67722112574398,7.67722112574398,7.67722112574398,310.02240173943,310.02240173943,310.02240173943,"observed",-26.5126173920144,"observed",5228.78812427276,169.999999999998,,,
54239,"New Mexico","2020-05-24",9,9,9,317,317,317,7.54764237789601,7.54764237789601,7.54764237789601,317.570044117326,317.570044117326,317.570044117326,"observed",-26.5996505776364,"observed",5091.32290719442,148.000000000004,,,
54240,"New Mexico","2020-05-25",3,3,3,320,320,320,7.413884386961,7.413884386961,7.413884386961,324.983928504287,324.983928504287,324.983928504287,"observed",-26.6481933704371,"observed",4939.34364074447,83,,,
54241,"New Mexico","2020-05-26",5,5,5,325,325,325,7.27708739771401,7.27708739771401,7.27708739771401,332.261015902001,332.261015902001,332.261015902001,"observed",-26.5469189334162,"observed",4795.79064510841,103.999999999999,,,
54242,"New Mexico","2020-05-27",4,4,4,329,329,329,7.13827468539398,7.13827468539398,7.13827468539398,339.399290587395,339.399290587395,339.399290587395,"observed",-26.2327918488381,"observed",4679.49384385417,121.999999999998,,,
54243,"New Mexico","2020-05-28",6,6,6,335,335,335,6.99839820061698,6.99839820061698,6.99839820061698,346.397688788012,346.397688788012,346.397688788012,"observed",-25.6986958931727,"observed",4602.45738814147,112.000000000004,,,
54244,"New Mexico","2020-05-29",9,9,9,344,344,344,6.858253626551,6.858253626551,6.858253626551,353.255942414563,353.255942414563,353.255942414563,"observed",-24.9839733286444,"observed",4568.78804369734,128.999999999998,,,
54245,"New Mexico","2020-05-30",7,7,7,351,351,351,6.718420322935,6.718420322935,6.718420322935,359.974362737498,359.974362737498,359.974362737498,"observed",-24.1572461096255,"observed",4574.9868723956,130.999999999998,,,
54246,"New Mexico","2020-05-31",5,5,5,356,356,356,6.579309580624,6.579309580624,6.579309580624,366.553672318122,366.553672318122,366.553672318122,"observed",-23.2949471294957,"observed",4611.38408379767,65.0000000000009,,,
54247,"New Mexico","2020-06-01",6,6,6,362,362,362,6.44127691920903,6.44127691920903,6.44127691920903,372.994949237331,372.994949237331,372.994949237331,"observed",-22.4637775077425,"observed",4664.42283195687,111.000000000003,,,
54248,"New Mexico","2020-06-02",5,5,5,367,367,367,6.30465085493796,6.30465085493796,6.30465085493796,379.299600092269,379.299600092269,379.299600092269,"observed",-21.7123375117869,"observed",4719.43078244387,224.000000000001,,,
54249,"New Mexico","2020-06-03",8,8,8,375,375,375,6.16972685364402,6.16972685364402,6.16972685364402,385.469326945913,385.469326945913,385.469326945913,"observed",-21.0742363097157,"observed",4763.38946666531,115.999999999995,,,
54250,"New Mexico","2020-06-04",8,8,8,383,383,383,6.03670150723502,6.03670150723502,6.03670150723502,391.506028453148,391.506028453148,391.506028453148,"observed",-20.56898565737,"observed",4787.24223187896,212.999999999999,,,
54251,"New Mexico","2020-06-05",4,4,4,387,387,387,5.90569061939095,5.90569061939095,5.90569061939095,397.411719072539,397.411719072539,397.411719072539,"observed",-20.2064498652227,"observed",4787.29073193157,319.000000000007,,,
54252,"New Mexico","2020-06-06",5,5,5,392,392,392,5.77673535443205,5.77673535443205,5.77673535443205,403.188454426971,403.188454426971,403.188454426971,"observed",-19.9941033612328,"observed",4765.39245261054,127.999999999995,,,
54253,"New Mexico","2020-06-07",4,4,4,396,396,396,5.64986013417598,5.64986013417598,5.64986013417598,408.838314561147,408.838314561147,408.838314561147,"observed",-19.9348393412401,"observed",4727.93842212292,139.999999999998,,,
54254,"New Mexico","2020-06-08",4,4,4,400,400,400,5.52504508873699,5.52504508873699,5.52504508873699,414.363359649884,414.363359649884,414.363359649884,"observed",-20.0079955716132,"observed",4684.00450308588,122.000000000002,,,
54255,"New Mexico","2020-06-09",4,4,4,404,404,404,5.40220612691201,5.40220612691201,5.40220612691201,419.765565776796,419.765565776796,419.765565776796,"observed",-20.162288639596,"observed",4643.24229407407,43.0000000000055,,,
54256,"New Mexico","2020-06-10",6,6,6,410,410,410,5.28132099347101,5.28132099347101,5.28132099347101,425.046886770267,425.046886770267,425.046886770267,"observed",-20.3384634924393,"observed",4613.99601843813,144.999999999993,,,
54257,"New Mexico","2020-06-11",10,10,10,420,420,420,5.16254683449301,5.16254683449301,5.16254683449301,430.20943360476,430.20943360476,430.20943360476,"observed",-20.4849977696658,"observed",4601.87231464649,117.000000000005,,,
54258,"New Mexico","2020-06-12",0,0,0,420,420,420,5.046168438797,5.046168438797,5.046168438797,435.255602043557,435.255602043557,435.255602043557,"observed",-20.5602543915886,"observed",4608.86999190688,158.999999999998,,,
54259,"New Mexico","2020-06-13",11,11,11,431,431,431,4.93256583892497,4.93256583892497,4.93256583892497,440.188167882482,440.188167882482,440.188167882482,"observed",-20.537198357222,"observed",4633.11473778294,95.0000000000036,,,
54260,"New Mexico","2020-06-14",4,4,4,435,435,435,4.82218259605099,4.82218259605099,4.82218259605099,445.010350478533,445.010350478533,445.010350478533,"observed",-20.4103801173955,"observed",4669.22767290025,102,,,
54261,"New Mexico","2020-06-15",5,5,5,440,440,440,4.71548428441599,4.71548428441599,4.71548428441599,449.725834762949,449.725834762949,449.725834762949,"observed",-20.1849500976272,"observed",4709.26609559871,121.999999999996,,,
54262,"New Mexico","2020-06-16",7,7,7,447,447,447,4.61308406456902,4.61308406456902,4.61308406456902,454.338918827518,454.338918827518,454.338918827518,"observed",-19.8705714555235,"observed",4744.14591539749,87.9999999999982,,,
54263,"New Mexico","2020-06-17",5,5,5,452,452,452,4.51560138854899,4.51560138854899,4.51560138854899,458.854520216067,458.854520216067,458.854520216067,"observed",-19.4934599684507,"observed",4765.38745195029,131.999999999998,,,
54264,"New Mexico","2020-06-18",4,4,4,456,456,456,4.42373878791602,4.42373878791602,4.42373878791602,463.278259003983,463.278259003983,463.278259003983,"observed",-19.0955018256372,"observed",4766.91610470553,88.0000000000073,,,
54265,"New Mexico","2020-06-19",8,8,8,464,464,464,4.33822814248902,4.33822814248902,4.33822814248902,467.616487146472,467.616487146472,467.616487146472,"observed",-18.7291403545164,"observed",4746.42693249241,106.999999999996,,,
54266,"New Mexico","2020-06-20",2,2,2,466,466,466,4.25975083979199,4.25975083979199,4.25975083979199,471.876237986264,471.876237986264,471.876237986264,"observed",-18.4467552606754,"observed",4705.80335549323,170.000000000002,,,
54267,"New Mexico","2020-06-21",3,3,3,469,469,469,4.18897269063297,4.18897269063297,4.18897269063297,476.065210676897,476.065210676897,476.065210676897,"observed",-18.2864052518826,"observed",4650.37489581201,134.999999999995,,,
54268,"New Mexico","2020-06-22",0,0,0,469,469,469,4.12657817460303,4.12657817460303,4.12657817460303,480.1917888515,480.1917888515,480.1917888515,"observed",-18.2508523876721,"observed",4587.32603300563,129.000000000007,,,
54269,"New Mexico","2020-06-23",7,7,7,476,476,476,4.07329238754602,4.07329238754602,4.07329238754602,484.265081239046,484.265081239046,484.265081239046,"observed",-18.3132098211814,"observed",4523.84870239949,143.999999999995,,,
54270,"New Mexico","2020-06-24",4,4,4,480,480,480,4.02989026095395,4.02989026095395,4.02989026095395,488.2949715,488.2949715,488.2949715,"observed",-18.4449781232674,"observed",4465.57934667259,152,,,
54271,"New Mexico","2020-06-25",5,5,5,485,485,485,3.99719531071804,3.99719531071804,3.99719531071804,492.292166810718,492.292166810718,492.292166810718,"observed",-18.6271523994357,"observed",4415.61843490412,201.999999999998,,,
54272,"New Mexico","2020-06-26",4,4,4,489,489,489,3.97607196343898,3.97607196343898,3.97607196343898,496.268238774157,496.268238774157,496.268238774157,"observed",-18.8482052267722,"observed",4374.30602399792,216.000000000007,,,
54273,"New Mexico","2020-06-27",2,2,2,491,491,491,3.96741670378901,3.96741670378901,3.96741670378901,500.235655477946,500.235655477946,500.235655477946,"projected",-18.8482052267722,"observed",4339.82966780759,210.999999999991,,,
54274,"New Mexico","2020-06-28",1,1,1,492,492,492,3.97129015074796,3.97129015074796,3.97129015074796,504.206945628694,504.206945628694,504.206945628694,"projected",-18.8482052267722,"observed",4309.54617187701,190.000000000004,,,
54275,"New Mexico","2020-06-29",1,1,1,493,493,493,3.97808147028201,3.97808147028201,3.97808147028201,508.185027098976,508.185027098976,508.185027098976,"projected",-18.8482052267722,,,173.000000000004,,,
54276,"New Mexico","2020-06-30",4,4,4,497,497,497,3.98486983402006,3.98486983402006,3.98486983402006,512.169896932996,512.169896932996,512.169896932996,"projected",-18.8482052267722,,,165.000000000004,,,
54277,"New Mexico","2020-07-01",3,3,3,500,500,500,3.99165010054196,3.99165010054196,3.99165010054196,516.161547033538,516.161547033538,516.161547033538,"projected",-18.8482052267722,,,128.999999999993,,,
54278,"New Mexico","2020-07-02",3,3,3,503,503,503,3.99841887918603,3.99841887918603,3.99841887918603,520.159965912724,520.159965912724,520.159965912724,"projected",-18.8482052267722,,,244.000000000002,,,
54279,"New Mexico","2020-07-03",8,8,8,511,511,511,4.005174461862,4.005174461862,4.005174461862,524.165140374586,524.165140374586,524.165140374586,"projected",-18.8482052267722,,,256.000000000004,,,
54280,"New Mexico","2020-07-04",4.01149615946475,2.53275164516641,6.23258928504792,528.176636534051,526.697892019752,530.397729659634,4.01149615946475,2.53275164516641,6.23258928504792,528.176636534051,526.697892019752,530.397729659634,"projected",-18.8482052267722,,,287,387.196781153872,137.384307274304,977.92655485199
54281,"New Mexico","2020-07-05",4.01943231709712,2.47989158888597,6.34012880916347,532.196068851148,529.180124502962,536.738315734055,4.01943231709712,2.47989158888597,6.34012880916347,532.196068851148,529.180124502962,536.738315734055,"projected",-18.8482052267722,,,,362.795394646436,125.2287207591,934.777286439459
54282,"New Mexico","2020-07-06",4.02846735438595,2.42307453832352,6.44094229175422,536.224536205534,531.60784605521,543.179258025809,4.02846735438595,2.42307453832352,6.44094229175422,536.224536205534,531.60784605521,543.179258025809,"projected",-18.8482052267722,,,,337.857808681546,113.956353928405,886.825686474796
54283,"New Mexico","2020-07-07",4.0404811552862,2.34741784695058,6.60960606444474,540.26501736082,533.997465688035,549.715465116912,4.0404811552862,2.34741784695058,6.60960606444474,540.26501736082,533.997465688035,549.715465116912,"projected",-18.8482052267722,,,,312.649178105257,102.643965538847,828.003494514606
54284,"New Mexico","2020-07-08",4.05482665561945,2.30759321751115,6.8066484345878,544.31984401644,536.268036920039,556.339239256142,4.05482665561945,2.30759321751115,6.8066484345878,544.31984401644,536.268036920039,556.339239256142,"projected",-18.8482052267722,,,,287.755863557542,92.7978204357554,767.202194701077
54285,"New Mexico","2020-07-09",4.06932981443854,2.22059884049805,6.96895563509289,548.389173830878,538.53433025977,563.100309623254,4.06932981443854,2.22059884049805,6.96895563509289,548.389173830878,538.53433025977,563.100309623254,"projected",-18.629432885656,,,,270.041144269578,85.2872061900562,723.644486855408
54286,"New Mexico","2020-07-10",4.08379155165176,2.16746469287314,7.16884574969684,552.47296538253,540.637798315044,570.268511601806,4.08379155165176,2.16746469287314,7.16884574969684,552.47296538253,540.637798315044,570.268511601806,"projected",-18.4103910989233,,,,258.517445999926,80.8558981524082,695.361090593074
54287,"New Mexico","2020-07-11",4.09714327677444,2.08736669006676,7.3564696989132,556.570108659304,542.847264381261,578.014724442428,4.09714327677444,2.08736669006676,7.3564696989132,556.570108659304,542.847264381261,578.014724442428,"projected",-18.1911443446189,,,,246.539131112838,76.3242781344452,664.622083506849
54288,"New Mexico","2020-07-12",4.10284157519338,2.0110397546072,7.73243250076043,560.672950234498,545.091029054313,585.063953852617,4.10284157519338,2.0110397546072,7.73243250076043,560.672950234498,545.091029054313,585.063953852617,"projected",-17.9717573276937,,,,234.695379249462,71.3921414586366,633.298394515051
54289,"New Mexico","2020-07-13",4.10445915079118,1.94187199130388,7.82430007543762,564.777409385289,546.905778310956,592.646620817113,4.10445915079118,1.94187199130388,7.82430007543762,564.777409385289,546.905778310956,592.646620817113,"projected",-17.7522949017168,,,,223.196321329682,66.8954924365506,613.010505003855
54290,"New Mexico","2020-07-14",4.10376531623356,1.88311653388227,8.14932203566811,568.881174701522,548.760459946891,600.504070489278,4.10376531623356,1.88311653388227,8.14932203566811,568.881174701522,548.760459946891,600.504070489278,"projected",-17.5328219902483,,,,212.147116050882,62.8117002580897,585.406476109393
54291,"New Mexico","2020-07-15",4.09973857075511,1.82696390344209,8.32137578152322,572.980913272277,550.659290285435,608.445324843642,4.09973857075511,1.82696390344209,8.32137578152322,572.980913272277,550.659290285435,608.445324843642,"projected",-17.3134035080807,,,,201.746059893413,58.6810062806588,566.185578846151
54292,"New Mexico","2020-07-16",4.09084959049789,1.75765516824247,8.62914056569212,577.071762862775,552.508619187328,616.902826081409,4.09084959049789,1.75765516824247,8.62914056569212,577.071762862775,552.508619187328,616.902826081409,"projected",-17.0941042825548,,,,192.019143946043,55.0911924760905,535.16732242204
54293,"New Mexico","2020-07-17",4.0790002798695,1.69435404319908,8.94355800592312,581.150763142645,554.173893107148,624.977032262517,4.0790002798695,1.69435404319908,8.94355800592312,581.150763142645,554.173893107148,624.977032262517,"projected",-16.8749889751576,,,,182.691995549472,51.895590904355,507.229238761041
54294,"New Mexico","2020-07-18",4.04805818776069,1.62902767861857,8.98100940676665,585.198821330406,555.721647777292,633.835279572053,4.04805818776069,1.62902767861857,8.98100940676665,585.198821330406,555.721647777292,633.835279572053,"projected",-16.6561220036097,,,,173.736089753376,48.4466599561041,490.954648915695
54295,"New Mexico","2020-07-19",3.97479884473162,1.5400233582074,9.08861320214143,589.173620175137,557.261387013986,643.681206593344,3.97479884473162,1.5400233582074,9.08861320214143,589.173620175137,557.261387013986,643.681206593344,"projected",-16.4375674646436,,,,165.246697479564,45.837317103683,470.650077414163
54296,"New Mexico","2020-07-20",3.8585937884942,1.46807892782689,9.13167413114204,593.032213963631,558.877541281955,651.96036921322,3.8585937884942,1.46807892782689,9.13167413114204,593.032213963631,558.877541281955,651.96036921322,"projected",-16.2193890576719,,,,157.199729494905,43.761955277971,442.053686810133
54297,"New Mexico","2020-07-21",3.70180441267188,1.36593221347262,8.97062560935263,596.734018376303,560.360238730532,659.873395556336,3.70180441267188,1.36593221347262,8.97062560935263,596.734018376303,560.360238730532,659.873395556336,"projected",-16.0016500095439,,,,149.572028369967,41.400379858457,422.707290412159
54298,"New Mexico","2020-07-22",3.50381686183397,1.24696664177701,8.54868703037244,600.237835238137,561.564944318899,669.456130719594,3.50381686183397,1.24696664177701,8.54868703037244,600.237835238137,561.564944318899,669.456130719594,"projected",-15.7844130005781,,,,142.427788105513,38.6094804124092,402.705709162704
54299,"New Mexico","2020-07-23",3.28371099176348,1.13527065993395,8.05361461267894,603.521546229901,562.648023870392,678.825985358906,3.28371099176348,1.13527065993395,8.05361461267894,603.521546229901,562.648023870392,678.825985358906,"projected",-15.5677400920556,,,,135.760845705696,36.3016024950077,379.995820085239
54300,"New Mexico","2020-07-24",3.06011640782702,1.02959112820697,7.55043662721665,606.581662637728,563.663580283131,687.832114133454,3.06011640782702,1.02959112820697,7.55043662721665,606.581662637728,563.663580283131,687.832114133454,"projected",-15.3516926553537,,,,129.407427947655,34.4017528905417,366.859131051623
54301,"New Mexico","2020-07-25",2.84650485607741,0.924544135464944,7.17609425709965,609.428167493805,564.712041203637,694.003647641931,2.84650485607741,0.924544135464944,7.17609425709965,609.428167493805,564.712041203637,694.003647641931,"projected",-15.1363313028867,,,,123.335869556562,32.4154473577742,354.108294907591
54302,"New Mexico","2020-07-26",2.65770911617064,0.847281875981923,6.81573202426479,612.085876609976,565.700904842291,700.687211334812,2.65770911617064,0.847281875981923,6.81573202426479,612.085876609976,565.700904842291,700.687211334812,"projected",-14.9217158210194,,,,117.588700831192,30.6113209418021,339.253397853422
54303,"New Mexico","2020-07-27",2.49367548208353,0.791845200168976,6.49325903658411,614.579552092059,566.556899915191,706.840931639025,2.49367548208353,0.791845200168976,6.49325903658411,614.579552092059,566.556899915191,706.840931639025,"projected",-14.7079051051019,,,,112.157755047636,28.9639309235266,324.484532939538
54304,"New Mexico","2020-07-28",2.35342285179947,0.739882562722983,6.25661361885015,616.932974943859,567.327503521826,713.556869372987,2.35342285179947,0.739882562722983,6.25661361885015,616.932974943859,567.327503521826,713.556869372987,"projected",-14.4949570967759,,,,107.0337440135,27.4768374147592,311.036434730922
54305,"New Mexico","2020-07-29",2.23696520135674,0.6899197992126,6.01751372871882,619.169940145215,568.035373564015,719.926167870487,2.23696520135674,0.6899197992126,6.01751372871882,619.169940145215,568.035373564015,719.926167870487,"projected",-14.2829287236775,,,,102.251503975675,26.2297059746459,297.111759299226
54306,"New Mexico","2020-07-30",2.13161745612378,0.644658434179826,5.7821371475666,621.301557601339,568.698648881747,726.078741031375,2.13161745612378,0.644658434179826,5.7821371475666,621.301557601339,568.698648881747,726.078741031375,"projected",-14.0718758416698,,,,97.8105063721468,25.1054839846678,287.508741390717
54307,"New Mexico","2020-07-31",2.02843397115234,0.607378865175224,5.55269405302081,623.329991572492,569.319216703032,731.99540155614,2.02843397115234,0.607378865175224,5.55269405302081,623.329991572492,569.319216703032,731.99540155614,"projected",-13.8618531797098,,,,93.620207502217,23.8993927158532,278.67146247325
54308,"New Mexico","2020-08-01",1.9294529420811,0.572744728067625,5.33322032070943,625.259444514573,569.929560288214,737.660814327919,1.9294529420811,0.572744728067625,5.33322032070943,625.259444514573,569.929560288214,737.660814327919,"projected",-13.6529142874558,,,,89.6650809970463,22.7649075720925,269.942794049752
54309,"New Mexico","2020-08-02",1.83514667282129,0.537570332230098,5.20624167224503,627.094591187394,570.634444871462,743.091493520585,1.83514667282129,0.537570332230098,5.20624167224503,627.094591187394,570.634444871462,743.091493520585,"projected",-13.445111485706,,,,85.9590076442044,21.8402467642096,261.595887107879
54310,"New Mexico","2020-08-03",1.74542266535832,0.505288473906131,4.9852335485919,628.840013852752,571.277942257875,748.293372368736,1.74542266535832,0.505288473906131,4.9852335485919,628.840013852752,571.277942257875,748.293372368736,"projected",-13.2384958197445,,,,82.4761434736676,21.162452098506,253.583214918803
54311,"New Mexico","2020-08-04",1.6602774913104,0.474390762557815,4.74990514462817,630.500291344063,571.765522648648,753.276408416386,1.6602774913104,0.474390762557815,4.74990514462817,630.500291344063,571.765522648648,753.276408416386,"projected",-13.0331170156653,,,,79.1987681015397,20.5386659356067,245.909363188874
54312,"New Mexico","2020-08-05",1.57938291328232,0.445578708351829,4.60253465969867,632.079674257345,572.227360272518,758.051436454778,1.57938291328232,0.445578708351829,4.60253465969867,632.079674257345,572.227360272518,758.051436454778,"projected",-12.8290234397298,,,,76.1330802822788,19.9377620216459,238.620619300962
54313,"New Mexico","2020-08-06",1.50233192924757,0.420269852943824,4.40391262366008,633.582006186593,572.664353197996,762.624462460195,1.50233192924757,0.420269852943824,4.40391262366008,633.582006186593,572.664353197996,762.624462460195,"projected",-12.6262620608009,,,,73.2777025484035,19.3605279597337,231.740991922153
54314,"New Mexico","2020-08-07",1.4292711443882,0.397621312943878,4.21196699084673,635.011277330981,573.078329532637,767.001122926258,1.4292711443882,0.397621312943878,4.21196699084673,635.011277330981,573.078329532637,767.001122926258,"projected",-12.4248784158895,,,,70.5912603995763,18.6487353710807,225.015948653646
54315,"New Mexico","2020-08-08",1.36040088124132,0.375573746107011,4.02286749477909,636.371678212222,573.525556973546,771.189045787434,1.36040088124132,0.375573746107011,4.02286749477909,636.371678212222,573.525556973546,771.189045787434,"projected",-12.224916578832,,,,68.0498707896357,17.9918224699912,212.530216316361
54316,"New Mexico","2020-08-09",1.29544971462926,0.348337365290959,3.86335450089945,637.667127926851,573.985021102016,775.195642006872,1.29544971462926,0.348337365290959,3.86335450089945,637.667127926851,573.985021102016,775.195642006872,"projected",-12.0264191321142,,,,65.650923741482,17.3867258086451,200.607405088574
54317,"New Mexico","2020-08-10",1.23405101388284,0.328810475108728,3.70101944350576,638.901178940734,574.426748834861,779.028072744634,1.23405101388284,0.328810475108728,3.70101944350576,638.901178940734,574.426748834861,779.028072744634,"projected",-11.8294271418373,,,,63.3861697742159,16.8744682646473,195.249855268537
54318,"New Mexico","2020-08-11",1.17601794042907,0.311633915310242,3.4768946008175,640.077196881163,574.852262521962,782.690025488981,1.17601794042907,0.311633915310242,3.4768946008175,640.077196881163,574.852262521962,782.690025488981,"projected",-11.6339801358192,,,,61.2475424232108,16.432091389189,190.083890162466
54319,"New Mexico","2020-08-12",1.12105819480404,0.293850397991844,3.29096729888214,641.198255075967,575.263036489297,786.187284782497,1.12105819480404,0.293850397991844,3.29096729888214,641.198255075967,575.263036489297,786.187284782497,"projected",-11.4401160848096,,,,59.2317327512552,16.0210701886797,185.101681045937
54320,"New Mexico","2020-08-13",1.06885910233963,0.27908648041608,3.11982793508083,642.267114178307,575.660040289175,789.532871226292,1.06885910233963,0.27908648041608,3.11982793508083,642.267114178307,575.660040289175,789.532871226292,"projected",-11.2478713867865,,,,57.3423868553708,15.6487287749071,180.383760780439
54321,"New Mexico","2020-08-14",1.01942752854611,0.26499047661695,3.03329842301567,643.286541706853,575.965852591477,792.732004637489,1.01942752854611,0.26499047661695,3.03329842301567,643.286541706853,575.965852591477,792.732004637489,"projected",-11.0572808543,,,,55.5745746737646,15.2048935722443,175.928065264143
54322,"New Mexico","2020-08-15",0.973001986304734,0.253000447884997,2.95393319196873,644.259543693158,576.251402267164,795.008637432452,0.973001986304734,0.253000447884997,2.95393319196873,644.259543693158,576.251402267164,795.008637432452,"projected",-9.14072668645901,,,,54.4612017802021,14.9010514782509,171.708979495277
54323,"New Mexico","2020-08-16",0.929557829135213,0.240463951123414,2.88149968528201,645.189101522293,576.525948783334,797.088956149866,0.929557829135213,0.240463951123414,2.88149968528201,645.189101522293,576.525948783334,797.088956149866,"projected",-8.91301673628972,,,,53.4464066158046,14.6821967854747,169.743238126603
54324,"New Mexico","2020-08-17",0.888823342935064,0.230121557627825,2.73927895066934,646.077924865228,576.790190887995,799.017918711312,0.888823342935064,0.230121557627825,2.73927895066934,646.077924865228,576.790190887995,799.017918711312,"projected",-8.6874344591567,,,,52.013886375342,14.3410889372113,166.631616699335
54325,"New Mexico","2020-08-18",0.850642408278497,0.221001306461071,2.59107748219803,646.928567273507,577.044830912128,800.803914297828,0.850642408278497,0.221001306461071,2.59107748219803,646.928567273507,577.044830912128,800.803914297828,"projected",-8.46401440773719,,,,50.6861498636992,14.0048226500629,163.742082058615
54326,"New Mexico","2020-08-19",0.814798843128931,0.209237777028082,2.45083782881779,647.743366116636,577.290515339464,802.455567075622,0.814798843128931,0.209237777028082,2.45083782881779,647.743366116636,577.290515339464,802.455567075622,"projected",-8.24278918220999,,,,49.4412953745441,13.7607538228505,161.010107724019
54327,"New Mexico","2020-08-20",0.78107299279533,0.199531399747758,2.35179341802845,648.524439109431,577.527840421884,803.992584433271,0.78107299279533,0.199531399747758,2.35179341802845,648.524439109431,577.527840421884,803.992584433271,"projected",-8.0237894355235,,,,48.2776720782223,13.5392671596608,158.165634648444
54328,"New Mexico","2020-08-21",0.74941032148009,0.190762786139507,2.27855871362514,649.273849430911,577.758235389746,805.432930016255,0.74941032148009,0.190762786139507,2.27855871362514,649.273849430911,577.758235389746,805.432930016255,"projected",-7.80704388176628,,,,47.2075996133601,13.3426332323812,155.414391998143
54329,"New Mexico","2020-08-22",0.71982542096066,0.185341308717585,2.21819901550796,649.993674851872,577.982013472687,806.783121781214,0.71982542096066,0.185341308717585,2.21819901550796,649.993674851872,577.982013472687,806.783121781214,"projected",-7.59257930753463,,,,46.2147141296265,13.1687791337259,152.852707424702
54330,"New Mexico","2020-08-23",0.692123403496497,0.178597080360152,2.16107078251433,650.685798255368,578.199134170525,808.050009746622,0.692123403496497,0.178597080360152,2.16107078251433,650.685798255368,578.199134170525,808.050009746622,"projected",-7.38042058616742,,,,45.2797351648838,13.0135875131586,150.41746367329
54331,"New Mexico","2020-08-24",0.666052097407048,0.172140728007469,2.10683159393786,651.351850352775,578.410021227343,810.685591552794,0.666052097407048,0.172140728007469,2.10683159393786,651.351850352775,578.410021227343,810.685591552794,"projected",-7.17059069472913,,,,44.3994852028654,12.8920493221609,148.104279233725
54332,"New Mexico","2020-08-25",0.641523495963468,0.166806351513236,2.05467987754178,651.993373848739,578.615083447198,813.86953632768,0.641523495963468,0.166806351513236,2.05467987754178,651.993373848739,578.615083447198,813.86953632768,"projected",-6.96311073361268,,,,43.5709259780864,12.7754129366716,145.908433794812
54333,"New Mexico","2020-08-26",0.618424631888703,0.160863710143138,2.00441832195451,652.611798480627,578.814702435556,817.012047738069,0.618424631888703,0.160863710143138,2.00441832195451,652.611798480627,578.814702435556,817.012047738069,"projected",-6.75799994862808,,,,42.7773974383583,12.6427415525191,144.218600544892
54334,"New Mexico","2020-08-27",0.596622715194375,0.155368702220093,1.92905161604936,653.208421195822,579.009233756167,820.099438957575,0.596622715194375,0.155368702220093,1.92905161604936,653.208421195822,579.009233756167,820.099438957575,"projected",-6.55527575544506,,,,42.0243555307759,12.5104308159323,141.923325284536
54335,"New Mexico","2020-08-28",0.576039127805964,0.151498269683486,1.81966157148267,653.784460323628,579.199021169887,823.133429226188,0.576039127805964,0.151498269683486,1.81966157148267,653.784460323628,579.199021169887,823.133429226188,"projected",-6.35495376624969,,,,41.3434204633481,12.4045514938596,139.823663352081
54336,"New Mexico","2020-08-29",0.556638798468604,0.147192495933095,1.73255948488942,654.341099122096,579.384417532881,825.337141973524,0.556638798468604,0.147192495933095,1.73255948488942,654.341099122096,579.384417532881,825.337141973524,"projected",-6.15704781848461,,,,40.723728962969,12.2939872035873,137.859265597805
54337,"New Mexico","2020-08-30",0.538387908571467,0.142452270676628,1.69157609535388,654.879487030668,579.56576152643,826.772275951694,0.538387908571467,0.142452270676628,1.69157609535388,654.879487030668,579.56576152643,826.772275951694,"projected",-5.96157000552716,,,,40.1429206639968,12.2364049150085,135.388561259053
54338,"New Mexico","2020-08-31",0.522124215908509,0.138494454593624,1.65244716483301,655.401611246576,579.744717353681,828.115659022141,0.522124215908509,0.138494454593624,1.65244716483301,655.401611246576,579.744717353681,828.115659022141,"projected",-5.76853070917293,,,,39.5998804933028,12.1773060065927,133.03421525677
54339,"New Mexico","2020-09-01",0.508174111679053,0.136682262941375,1.61593416791365,655.909785358255,579.921605241489,829.404679418383,0.508174111679053,0.136682262941375,1.61593416791365,655.909785358255,579.921605241489,829.404679418383,"projected",-5.57793863378437,,,,39.093151808853,12.0961049483973,130.775621153816
54340,"New Mexico","2020-09-02",0.495253024514099,0.134236780163286,1.58080526942874,656.405038382769,580.117473303354,830.658662156251,0.495253024514099,0.134236780163286,1.58080526942874,656.405038382769,580.117473303354,830.658662156251,"projected",-5.38980084196798,,,,38.6014168348396,12.0195032295655,128.517960246553
54341,"New Mexico","2020-09-03",0.483068386243813,0.133279225361792,1.55975337835189,656.888106769013,580.270940470776,831.863473448341,0.483068386243813,0.133279225361792,1.55975337835189,656.888106769013,580.270940470776,831.863473448341,"projected",-5.20412279164547,,,,38.1296262020471,11.9184233560227,126.399853895034
54342,"New Mexico","2020-09-04",0.471905180099994,0.131364144073748,1.54119874538499,657.360011949113,580.428862670348,832.636249404712,0.471905180099994,0.131364144073748,1.54119874538499,657.360011949113,580.428862670348,832.636249404712,"projected",-5.0209083743845,,,,37.7206034055515,11.8734124572715,124.397461588215
54343,"New Mexico","2020-09-05",0.460659112648364,0.128737466919759,1.50733236838831,657.820671061762,580.527800210575,833.381076612564,0.460659112648364,0.128737466919759,1.50733236838831,657.820671061762,580.527800210575,833.381076612564,"projected",-4.84015995485923,,,,37.3657661986405,11.8608567487565,122.657713119237
54344,"New Mexico","2020-09-06",0.449355256071661,0.125420776117988,1.46394151020839,658.270026317833,580.645729562697,834.093740345666,0.449355256071661,0.125420776117988,1.46394151020839,658.270026317833,580.645729562697,834.093740345666,"projected",-4.66187841130885,,,,37.0391491552731,11.8533873963868,121.393930777651
54345,"New Mexico","2020-09-07",0.438859280041344,0.122405274910327,1.4367486072134,658.708885597875,580.76631605507,834.776564302098,0.438859280041344,0.122405274910327,1.4367486072134,658.708885597875,580.76631605507,834.776564302098,"projected",-4.48606317687315,,,,36.740527524858,11.8519706111983,119.442601410608
54346,"New Mexico","2020-09-08",0.429077112997266,0.120212978299253,1.41151759743048,659.137962710872,580.88533444221,835.431521115173,0.429077112997266,0.120212978299253,1.41151759743048,659.137962710872,580.88533444221,835.431521115173,"projected",-4.31271228167815,,,,36.4692468923605,11.855331658083,117.990459423646
54347,"New Mexico","2020-09-09",0.419948690851424,0.118711777633905,1.38781294726887,659.557911401723,581.002927434915,836.060479094475,0.419948690851424,0.118711777633905,1.38781294726887,659.557911401723,581.002927434915,836.060479094475,"projected",-4.14182239555448,,,,36.1996147186405,11.831656146259,116.982682514575
54348,"New Mexico","2020-09-10",0.411422251870735,0.117359894233971,1.35707137300415,659.969333653594,581.119227401726,836.665370301049,0.411422251870735,0.117359894233971,1.35707137300415,659.969333653594,581.119227401726,836.665370301049,"projected",-3.97338887127698,,,,35.9359644755614,11.786779127107,116.363661655656
54349,"New Mexico","2020-09-11",0.403396263866438,0.116227226282001,1.32302353742982,660.37272991746,581.234356427746,837.247861156161,0.403396263866438,0.116227226282001,1.32302353742982,660.37272991746,581.234356427746,837.247861156161,"projected",-3.80740578820598,,,,35.7307993896406,11.7581762137823,115.9419690751
54350,"New Mexico","2020-09-12",0.39579746742555,0.115207938066274,1.30958575366675,660.768527384886,581.348399500752,837.809332408933,0.39579746742555,0.115207938066274,1.30958575366675,660.768527384886,581.348399500752,837.809332408933,"projected",-3.64386599623588,,,,35.5771914787251,11.7597259199363,115.694035656378
54351,"New Mexico","2020-09-13",0.388655583978096,0.114294906101554,1.29662323292966,661.157182968864,581.461451004765,838.351067450635,0.388655583978096,0.114294906101554,1.29662323292966,661.157182968864,581.461451004765,838.351067450635,"projected",-3.48276115993217,,,,35.4456419851335,11.7662504340638,115.50991437292
54352,"New Mexico","2020-09-14",0.382002458316562,0.113171067391198,1.2756961056901,661.539185427181,581.573668155758,838.874270331881,0.382002458316562,0.113171067391198,1.2756961056901,661.539185427181,581.573668155758,838.874270331881,"projected",-3.32408180277679,,,,35.3365898056233,11.7320204022806,115.393224032619
54353,"New Mexico","2020-09-15",0.375804993737127,0.112350787797877,1.25216045108927,661.914990420918,581.685183553927,839.379937329418,0.375804993737127,0.112350787797877,1.25216045108927,661.914990420918,581.685183553927,839.379937329418,"projected",-3.16781735141321,,,,35.2499692813721,11.734722682531,114.922669412266
54354,"New Mexico","2020-09-16",0.370054443526618,0.111669761072949,1.22932810512766,662.285044864444,581.796084610464,839.869078558446,0.370054443526618,0.111669761072949,1.22932810512766,662.285044864444,581.796084610464,839.869078558446,"projected",-3.01395617981192,,,,35.1555290513141,11.7357060534763,114.17133062887
54355,"New Mexico","2020-09-17",0.364745346136893,0.111091129170188,1.20749805810093,662.649790210581,581.90774180413,840.342983837073,0.364745346136893,0.111091129170188,1.20749805810093,662.649790210581,581.90774180413,840.342983837073,"projected",-2.86248565326584,,,,35.0569699712943,11.7357086139964,113.402481518604
54356,"New Mexico","2020-09-18",0.359779499148751,0.110592466229514,1.17746497401416,663.00956970973,582.018927999141,841.491953700223,0.359779499148751,0.110592466229514,1.17746497401416,663.00956970973,582.018927999141,841.491953700223,"projected",-2.71339217214225,,,,35.0165430568282,11.7510661047418,112.852458491805
54357,"New Mexico","2020-09-19",0.355072102304506,0.110135229411941,1.15952602028564,663.364641812035,582.12967012233,842.648108797817,0.355072102304506,0.110135229411941,1.15952602028564,663.364641812035,582.12967012233,842.648108797817,"projected",-2.56666121530891,,,,35.0286113922084,11.7807695172727,112.498789013387
54358,"New Mexico","2020-09-20",0.350669838365549,0.109548514915048,1.1464417887945,663.7153116504,582.240004514705,843.784564615368,0.350669838365549,0.109548514915048,1.1464417887945,663.7153116504,582.240004514705,843.784564615368,"projected",-2.42227738317293,,,,35.059727816764,11.8150835648295,112.215189145156
54359,"New Mexico","2020-09-21",0.346629508021441,0.109120032478634,1.12381531478911,664.061941158422,582.350063824091,844.903330058249,0.346629508021441,0.109120032478634,1.12381531478911,664.061941158422,582.350063824091,844.903330058249,"projected",-2.28031512204746,,,,35.11087701464,11.8542695324752,112.005929340189
54360,"New Mexico","2020-09-22",0.342925263281112,0.108641862241436,1.11046620632639,664.404866421703,582.45996199203,846.064632126211,0.342925263281112,0.108641862241436,1.11046620632639,664.404866421703,582.45996199203,846.064632126211,"projected",-2.14075298238197,,,,35.1824632145404,11.8985430028522,111.892262327566
54361,"New Mexico","2020-09-23",0.339562920191496,0.107806969078155,1.0984888791083,664.744429341894,582.569753483327,847.354885959559,0.339562920191496,0.107806969078155,1.0984888791083,664.744429341894,582.569753483327,847.354885959559,"projected",-2.00390490838626,,,,35.2389567389551,11.9309669096954,112.26093522713
54362,"New Mexico","2020-09-24",0.336558840906936,0.107684931617263,1.08451236109964,665.080988182801,582.681894292584,848.63261719407,0.336558840906936,0.107684931617263,1.08451236109964,665.080988182801,582.681894292584,848.63261719407,"projected",-1.869949061982,,,,35.2832704587548,11.9559325770359,112.580450435216
54363,"New Mexico","2020-09-25",0.333808436697289,0.107628955790599,1.07132153906292,665.414796619498,582.821353437419,849.899370716498,0.333808436697289,0.107628955790599,1.07132153906292,665.414796619498,582.821353437419,849.899370716498,"projected",-1.73880464495532,,,,35.3885004750721,11.9957086635986,113.11319067133
54364,"New Mexico","2020-09-26",0.331211502284419,0.107430691464063,1.06233529809824,665.746008121783,582.960811280609,851.155914370083,0.331211502284419,0.107430691464063,1.06233529809824,665.746008121783,582.960811280609,851.155914370083,"projected",-1.61082850434969,,,,35.5500299453689,12.048995768826,113.844552944967
54365,"New Mexico","2020-09-27",0.328826049824868,0.107023415627418,1.05702444138703,666.074834171608,583.100257463148,852.247607057927,0.328826049824868,0.107023415627418,1.05702444138703,666.074834171608,583.100257463148,852.247607057927,"projected",-1.4866780097694,,,,35.7294477286076,12.1055368765257,114.638665224717
54366,"New Mexico","2020-09-28",0.326728293296321,0.106761212624545,1.05334841062309,666.401562464904,583.23986183486,852.873279465437,0.326728293296321,0.106761212624545,1.05334841062309,666.401562464904,583.23986183486,852.873279465437,"projected",-1.3669799225492,,,,35.9279877025073,12.1654206476291,115.501306390174
54367,"New Mexico","2020-09-29",0.324896082671156,0.106626634007739,1.051004061212,666.726458547575,583.379773617094,853.487865905088,0.324896082671156,0.106626634007739,1.051004061212,666.726458547575,583.379773617094,853.487865905088,"projected",-1.25181504346192,,,,36.1463016249042,12.2286622528802,115.696219022461
54368,"New Mexico","2020-09-30",0.323345563482392,0.106553633461129,1.04927119440356,667.049804111057,583.520041730788,854.394961492728,0.323345563482392,0.106553633461129,1.04927119440356,667.049804111057,583.520041730788,854.394961492728,"projected",-1.14172828678659,,,,36.3424313249509,12.2970279506524,115.804515412985
54369,"New Mexico","2020-10-01",0.322110455534253,0.106777560246834,1.04817586534875,667.371914566592,583.660716744175,855.405351166501,0.322110455534253,0.106777560246834,1.04817586534875,667.371914566592,583.660716744175,855.405351166501,"projected",-1.03674997684236,,,,36.518371054593,12.3503197403508,116.500230729417
54370,"New Mexico","2020-10-02",0.321077698689602,0.106564923274416,1.04771019910056,667.692992265281,583.803016321533,856.408042207714,0.321077698689602,0.106564923274416,1.04771019910056,667.692992265281,583.803016321533,856.408042207714,"projected",-0.937191627731252,,,,36.7598847772835,12.4077887903433,117.524788862909
54371,"New Mexico","2020-10-03",0.320130582569245,0.106573937782753,1.04686792076728,668.013122847851,583.945728180992,857.402750800945,0.320130582569245,0.106573937782753,1.04686792076728,668.013122847851,583.945728180992,857.402750800945,"projected",-0.843887155434662,,,,37.0630565422915,12.479488541442,118.785632438195
54372,"New Mexico","2020-10-04",0.3193376237515,0.106573820437373,1.0434743409659,668.332460471602,584.088804318718,858.38934571683,0.3193376237515,0.106573820437373,1.0434743409659,668.332460471602,584.088804318718,858.38934571683,"projected",-0.755855220841969,,,,37.3837138171752,12.5542585622403,120.193822161073
54373,"New Mexico","2020-10-05",0.318793492941954,0.106706131772054,1.03669414958989,668.651253964544,584.232420421143,859.361305952235,0.318793492941954,0.106706131772054,1.03669414958989,668.651253964544,584.232420421143,859.361305952235,"projected",-0.6739061574847,,,,37.72377740774,12.6358092667768,121.687777057057
54374,"New Mexico","2020-10-06",0.318477956199456,0.106974634601497,1.02980535598986,668.969731920744,584.376735337607,860.314150966358,0.318477956199456,0.106974634601497,1.02980535598986,668.969731920744,584.376735337607,860.314150966358,"projected",-0.598372854534549,,,,38.0841048287102,12.7214230456622,123.260966595774
54375,"New Mexico","2020-10-07",0.318415597716995,0.1070391584996,1.02487004881293,669.288147518461,584.521796374805,861.262936030379,0.318415597716995,0.1070391584996,1.02487004881293,669.288147518461,584.521796374805,861.262936030379,"projected",-0.529098470818411,,,,38.4150402858902,12.7968128272099,124.72594477777
54376,"New Mexico","2020-10-08",0.318655674161125,0.107116964018977,1.0216898575178,669.606803192622,584.667653602836,862.20825608505,0.318655674161125,0.107116964018977,1.0216898575178,669.606803192622,584.667653602836,862.20825608505,"projected",-0.464895775947079,,,,38.7178895176344,12.8565492831753,126.077983683516
54377,"New Mexico","2020-10-09",0.319073624961202,0.107310508237578,1.01914789062281,669.925876817583,584.814354951183,863.072721898714,0.319073624961202,0.107310508237578,1.01914789062281,669.925876817583,584.814354951183,863.072721898714,"projected",-0.405776402306705,,,,39.0940837542794,12.9315727723762,127.67087402828
54378,"New Mexico","2020-10-10",0.319533133573354,0.107541562247184,1.01722884084488,670.245409951156,584.961818772294,863.367946944805,0.319533133573354,0.107541562247184,1.01722884084488,670.245409951156,584.961818772294,863.367946944805,"projected",-0.353092630511243,,,,39.5406241311776,13.0248794634012,129.14845984964
54379,"New Mexico","2020-10-11",0.32011336195473,0.10785762561477,1.01580490530021,670.565523313111,585.109973604134,863.659407531091,0.32011336195473,0.10785762561477,1.01580490530021,670.565523313111,585.109973604134,863.659407531091,"projected",-0.306529453099035,,,,40.0058496907279,13.1224824112607,131.102981497825
54380,"New Mexico","2020-10-12",0.320928267988637,0.108574768798846,1.01589001549684,670.8864515811,585.259013485039,863.936911343942,0.320928267988637,0.108574768798846,1.01589001549684,670.8864515811,585.259013485039,863.936911343942,"projected",-0.264459497033658,,,,40.4926384085156,13.2374449973693,133.15278228072
54381,"New Mexico","2020-10-13",0.321957458706502,0.109315064564055,1.02148982733031,671.208409039806,585.409117862458,864.206899232744,0.321957458706502,0.109315064564055,1.02148982733031,671.208409039806,585.409117862458,864.206899232744,"projected",-0.227778285582079,,,,41.0027099531009,13.3541265811189,135.30567022303
54382,"New Mexico","2020-10-14",0.323231933702826,0.110081110230246,1.03001080123177,671.531640973509,585.560332647071,864.474579212105,0.323231933702826,0.110081110230246,1.03001080123177,671.531640973509,585.560332647071,864.474579212105,"projected",-0.195495789757958,,,,41.4771599981543,13.4498854401521,137.338786491449
54383,"New Mexico","2020-10-15",0.324814953944111,0.110789846704648,1.03919234512585,671.856455927453,585.712707236924,864.740190065481,0.324814953944111,0.110789846704648,1.03919234512585,671.856455927453,585.712707236924,864.740190065481,"projected",-0.167059344242195,,,,41.9161671688317,13.5482888734317,139.254854029906
54384,"New Mexico","2020-10-16",0.326565270814105,0.111282336936637,1.04764530108413,672.183021198267,585.875218933972,865.003956959177,0.326565270814105,0.111282336936637,1.04764530108413,672.183021198267,585.875218933972,865.003956959177,"projected",-0.141790297167967,,,,42.439890443187,13.6658108683652,141.516121337766
54385,"New Mexico","2020-10-17",0.328321293832992,0.111719817621903,1.04925801902716,672.5113424921,586.04537233268,865.265794895924,0.328321293832992,0.111719817621903,1.04925801902716,672.5113424921,586.04537233268,865.265794895924,"projected",-0.119529661639681,,,,43.0471276614552,13.7840195946395,144.119749271183
54386,"New Mexico","2020-10-18",0.330173149697644,0.112105934423857,1.05081722688919,672.841515641798,586.216994619182,865.525639313552,0.330173149697644,0.112105934423857,1.05081722688919,672.841515641798,586.216994619182,865.525639313552,"projected",-0.100781843372328,,,,43.6777802299401,13.8972071942291,146.835021171998
54387,"New Mexico","2020-10-19",0.332255912851498,0.112635801028085,1.05797474037525,673.173771554649,586.38969799804,865.784023891506,0.332255912851498,0.112635801028085,1.05797474037525,673.173771554649,586.38969799804,865.784023891506,"projected",-0.0850456223678975,,,,44.3351894956713,14.0104162040283,149.675180615741
54388,"New Mexico","2020-10-20",0.334547615028439,0.113292055618592,1.06736384532922,673.508319169678,586.547184296546,866.041433962117,0.334547615028439,0.113292055618592,1.06736384532922,673.508319169678,586.547184296546,866.041433962117,"projected",-0.0712391985479558,,,,45.0220606706131,14.128252770612,152.652376999141
54389,"New Mexico","2020-10-21",0.337086417567283,0.11397615265254,1.0788638479949,673.845405587245,586.740689513541,866.298049326952,0.337086417567283,0.11397615265254,1.0788638479949,673.845405587245,586.740689513541,866.298049326952,"projected",-0.0593618298987094,,,,45.6685761982377,14.253871657548,155.497198713018
54390,"New Mexico","2020-10-22",0.339951471403967,0.114691012017997,1.09092271785892,674.185357058649,586.918823516041,866.554053726144,0.339951471403967,0.114691012017997,1.09092271785892,674.185357058649,586.918823516041,866.554053726144,"projected",-0.0492563133602058,,,,46.2731621272909,14.3654465733329,158.205657365068
54391,"New Mexico","2020-10-23",0.342981262077151,0.11543397136532,1.10358819814651,674.528338320726,587.09916276751,866.809619643686,0.342981262077151,0.11543397136532,1.10358819814651,674.528338320726,587.09916276751,866.809619643686,"projected",-0.0408967314964465,,,,46.9785127614636,14.4768289181055,161.338393468765
54392,"New Mexico","2020-10-24",0.345985438549135,0.116094418543253,1.1170099270304,674.874323759275,587.282910017366,867.064589083035,0.345985438549135,0.116094418543253,1.1170099270304,674.874323759275,587.282910017366,867.064589083035,"projected",-0.0337836680004906,,,,47.7851368715183,14.6306438758736,164.900307209056
54393,"New Mexico","2020-10-25",0.349069778625518,0.116739324471268,1.12955226836663,675.223393537901,587.473442664195,867.318820401166,0.349069778625518,0.116739324471268,1.12955226836663,675.223393537901,587.473442664195,867.318820401166,"projected",-0.027753299110073,,,,48.62285941232,14.778280759207,168.61664152579
54394,"New Mexico","2020-10-26",0.352396999589631,0.117420548589135,1.14124229254178,675.57579053749,587.648333408198,867.57281823503,0.352396999589631,0.117420548589135,1.14124229254178,675.57579053749,587.648333408198,867.57281823503,"projected",-0.022473485525619,,,,49.4963026686814,14.9301635050331,172.506380360835
54395,"New Mexico","2020-10-27",0.355944162025795,0.118267786821036,1.15083023333881,675.931734699516,587.833205887422,869.033780018214,0.355944162025795,0.118267786821036,1.15083023333881,675.931734699516,587.833205887422,869.033780018214,"projected",-0.0182919391692079,,,,50.4087640165233,15.0867057457217,176.583859717852
54396,"New Mexico","2020-10-28",0.35975813700918,0.119154035684238,1.15959293289116,676.291492836525,588.020164661501,870.707256327096,0.35975813700918,0.119154035684238,1.15959293289116,676.291492836525,588.020164661501,870.707256327096,"projected",-0.0145452248894596,,,,51.2765633338688,15.2366708498448,180.518906541611
54397,"New Mexico","2020-10-29",0.363938031815156,0.120026319240571,1.17152530745167,676.655430868341,588.210643809603,871.077667028368,0.363938031815156,0.120026319240571,1.17152530745167,676.655430868341,588.210643809603,871.077667028368,"projected",-0.0113725660258786,,,,52.0961762129033,15.3701005820185,184.19297438552
54398,"New Mexico","2020-10-30",0.368298770771929,0.120873326215184,1.18832182313976,677.023729639113,588.403373570994,871.451449328972,0.368298770771929,0.120873326215184,1.18832182313976,677.023729639113,588.403373570994,871.451449328972,"projected",-0.00881824410992862,,,,53.0379241134433,15.5292034982704,188.300373969215
54399,"New Mexico","2020-10-31",0.372615016461561,0.121658247059483,1.20585223560312,677.396344655574,588.598412811905,873.545687339896,0.372615016461561,0.121658247059483,1.20585223560312,677.396344655574,588.598412811905,873.545687339896,"projected",-0.00659141136863775,,,,54.1046475009681,15.7141465265304,192.921383477934
54400,"New Mexico","2020-11-01",0.377012025889043,0.122393811257584,1.22417146037381,677.773356681463,588.795826673916,875.695621619489,0.377012025889043,0.122393811257584,1.22417146037381,677.773356681463,588.795826673916,875.695621619489,"projected",-0.00494875223964583,,,,55.2134706535307,15.9039344433695,197.73991973357

